canonical_name,display_name,matched_name,country_code,openalex_id,ror_id,works_2020_2024,cited_by_proxy,top10_count,top1_count,top10_share,top1_share,h_index,oa_share,international_collab_proxy_share,field_entropy,active_fields,has_medical_school_or_center,arwu_2025_rank,qs_2027_rank,usnews_2026_2027_rank
Khalifa University,Khalifa University of Science and Technology,Khalifa University of Science and Technology,AE,https://openalex.org/I176601375,https://ror.org/05hffr360,13501,268676,268676,274,19.900451818383825,3.042880366708419,274,0.5601807273535294,0.47204381259997746,1.7371073536785602,6,False,601-700,147,340
Universidad de Buenos Aires (UBA),Universidad de Buenos Aires,Universidad de Buenos Aires,AR,https://openalex.org/I24354313,https://ror.org/0081fs513,36363,217202,217202,503,5.97315953029178,1.770343850227493,503,0.8045540796963947,0.4188033825716282,1.7935071539860288,9,False,,84,
Technische Universität Wien,TU Wien,TU Wien,AT,https://openalex.org/I145847075,https://ror.org/04d836q62,28349,219254,219254,623,7.734099968252848,1.9909145248057383,623,0.804613919362235,0.38286200774187223,1.5384529932090583,6,False,,191,
University of Vienna,University of Vienna,University of Vienna,AT,https://openalex.org/I129774422,https://ror.org/03prydq77,40008,499635,499635,774,12.488377324535094,2.376895437391245,774,0.7939912017596481,0.4267650246594676,1.6720565160024838,7,False,101-150,140,193
Curtin University,Curtin University,Curtin University,AU,https://openalex.org/I205640436,https://ror.org/02n415q13,30299,508387,508387,568,16.779002607346776,3.9791296470506254,568,0.6957655368163966,0.5288077417296332,1.7911454103976028,5,False,201-300,189,155
Deakin University,Deakin University,Deakin University,AU,https://openalex.org/I149704539,https://ror.org/02czsnj07,35129,630250,630250,608,17.941017393037093,4.210473684210526,608,0.8646702154914743,0.5631897832321321,1.9150336604997251,8,True,201-300,227,142
"Macquarie University (Sydney, Australia)",Macquarie University,Macquarie University,AU,https://openalex.org/I99043593,https://ror.org/01sf06y89,33226,518087,518087,647,15.592818876783243,3.387608529111338,647,0.6718533678444591,0.5763111277351053,2.2096991817558633,9,False,201-300,126,173
Monash University,Monash University,Monash University,AU,https://openalex.org/I56590836,https://ror.org/02bfwt286,92140,1761964,1761964,1065,19.122682873887562,4.310149407521896,1065,0.7329390058606469,0.539996883573768,1.7620297229399349,10,True,76,31,38
Queensland University of Technology,Queensland University of Technology,Queensland University of Technology,AU,https://openalex.org/I160993911,https://ror.org/03pnv4752,29218,553102,553102,605,18.930180026011364,4.723812122659208,605,0.6821137654870285,0.5910711862498911,1.9270586491500454,9,True,301-400,240,172
RMIT University,RMIT University,RMIT University,AU,https://openalex.org/I82951845,https://ror.org/04ttjf776,32758,488226,488226,488,14.90402344465474,3.8792410355362597,488,0.805726845350754,0.5706939357893507,2.0457147451059323,11,False,301-400,119,173
Swinburne University of Technology,Swinburne University of Technology,Swinburne University of Technology,AU,https://openalex.org/I57093077,https://ror.org/031rekg67,28532,420628,420628,498,14.742324407682602,3.809261336324307,498,0.7909715407262021,0.3966263336135777,1.1194997096994759,5,False,201-300,291,164
The Australian National University,Australian National University,Australian National University,AU,https://openalex.org/I118347636,https://ror.org/019wvm592,43000,642371,642371,1052,14.93886046511628,4.134046464984122,1052,0.7041395348837209,0.5292677983310523,1.7515824294156959,7,False,101-150,29,81
The University of Adelaide,The University of Adelaide,The University of Adelaide,AU,https://openalex.org/I5681781,https://ror.org/00892tw58,40408,770253,770253,882,19.061893684418926,4.843876123876124,882,0.6740249455553355,0.5957840198708831,1.9200517517659341,8,False,151-200,79,85
The University of Melbourne,The University of Melbourne,The University of Melbourne,AU,https://openalex.org/I165779595,https://ror.org/01ej9dk98,105639,1761455,1761455,1251,16.674286958414978,3.881162289347638,1251,0.7465803349141888,0.5531686590623291,1.950028036853011,10,True,38,22,28
The University of New South Wales,UNSW Sydney,UNSW Sydney,AU,https://openalex.org/I31746571,https://ror.org/03r8z3t63,79536,1598867,1598867,1032,20.102431603299134,4.951899393709739,1032,0.6995951518809093,0.5867507768178837,1.8416706017799056,9,True,80,19,33
The University of Western Australia,The University of Western Australia,The University of Western Australia,AU,https://openalex.org/I177877127,https://ror.org/047272k79,44054,752485,752485,973,17.080968811004677,4.392212022505182,973,0.7411812775230399,0.5633450253479536,1.866533229264614,8,False,101-150,77,90
University of Queensland Australia,The University of Queensland,The University of Queensland,AU,https://openalex.org/I165143802,https://ror.org/00rqy9422,79052,1485727,1485727,1443,18.794299954460357,4.390467661006051,1443,0.6954409755603906,0.5340755806119855,1.708069043171281,8,True,65,40,42
University of Sydney,The University of Sydney,The University of Sydney,AU,https://openalex.org/I129604602,https://ror.org/0384j8v12,93004,1678004,1678004,1252,18.04227775149456,4.584240921657172,1252,0.6782181411552192,0.5571325355858372,1.7806610193266073,10,True,72,28,31
University of Technology Sydney,University of Technology Sydney,University of Technology Sydney,AU,https://openalex.org/I114017466,https://ror.org/03f0f6041,35882,770980,770980,568,21.4865392118611,5.245288489417223,568,0.5848614904408895,0.5717585447795552,1.6806028698596012,7,False,201-300,87,85
University of Wollongong,University of Wollongong,University of Wollongong,AU,https://openalex.org/I204824540,https://ror.org/00jtmb277,21204,420142,420142,568,19.81428032446708,4.180337030349927,568,0.716374269005848,0.5655842513613829,1.9362183516711473,8,False,301-400,195,204
Ghent University,Ghent University,Ghent University,BE,https://openalex.org/I32597200,https://ror.org/00cv9y106,45103,831991,831991,900,18.446466975589207,4.266989655623936,900,0.7905904263574485,0.5907766565666488,2.0494902804426895,9,False,91,150,104
KU Leuven,KU Leuven,KU Leuven,BE,https://openalex.org/I99464096,https://ror.org/05f950310,80767,1367406,1367406,1298,16.930256168979906,3.6402113764395034,1298,0.8013173697178303,0.5526406812224194,2.012581143497333,8,True,76,59,48
Université catholique de Louvain (UCLouvain),UCLouvain,UCLouvain,BE,https://openalex.org/I95674353,https://ror.org/02495e989,23231,369400,369400,794,15.901166544703198,3.6448022185417708,794,0.858464982135939,0.560303706240036,2.0529461517351146,9,False,,196,
Universit茅 libre de Bruxelles (ULB),Université Libre de Bruxelles,Université Libre de Bruxelles,BE,https://openalex.org/I132053463,https://ror.org/01r9htc13,26636,387418,387418,827,14.544901636882415,3.583322320602617,827,0.8528307553686739,0.41867168626403384,1.3005537820265671,8,False,101-150,248,275
Universidade de São Paulo,Universidade de São Paulo,Universidade de São Paulo,BR,https://openalex.org/I17974374,https://ror.org/036rp1748,136878,1187321,1187321,866,8.674301202530721,1.9322011961689896,866,0.7900466108505384,0.49309057107062754,2.1529529685604825,11,False,101-150,133,134
McGill University,McGill University,McGill University,CA,https://openalex.org/I5023651,https://ror.org/01pxwe438,72016,1124234,1124234,1217,15.610892023994667,3.768500018386634,1217,0.7107031770717618,0.45598250759814984,1.4528803103865284,5,True,76,30,68
McMaster University,McMaster University,McMaster University,CA,https://openalex.org/I98251732,https://ror.org/02fa3aq29,48479,924951,924951,1183,19.079415829534437,3.690019528525596,1183,0.6844200581695167,0.4268792408736901,1.3161529738129378,6,True,101-150,174,150
Queen's University at Kingston,Queen's University,Queen's University,CA,https://openalex.org/I204722609,https://ror.org/02y72wh86,28569,550652,550652,763,19.274458328957962,3.005617400239767,763,0.6298435367006195,0.5332603420190618,2.079640153132569,10,True,201-300,179,415
The University of Calgary,University of Calgary,University of Calgary,CA,https://openalex.org/I168635309,https://ror.org/03yjb2x39,52596,796371,796371,916,15.14128450832763,3.552327338072293,916,0.6579397672826831,0.48428732601235935,1.6652726503065478,8,True,151-200,249,208
University of Alberta,University of Alberta,University of Alberta,CA,https://openalex.org/I154425047,https://ror.org/0160cpw27,64652,987438,987438,1066,15.273123801274515,3.563574930068962,1066,0.6297717007981192,0.5587929317169896,2.0667962652768446,10,False,101-150,96,164
University of British Columbia,University of British Columbia,University of British Columbia,CA,https://openalex.org/I141945490,https://ror.org/03rmrcq20,93018,1585897,1585897,1326,17.04935603861618,3.009821385195861,1326,0.6972198929239503,0.49667989259043066,1.8798610113254683,9,True,53,45,42
University of Montreal,Université de Montréal,Université de Montréal,CA,https://openalex.org/I70931966,https://ror.org/0161xgx34,43799,612403,612403,902,13.982122879517798,3.149049211265872,902,0.72319002716957,0.5121940718747702,1.9263040261768065,9,True,151-200,162,193
University of Toronto,University of Toronto,University of Toronto,CA,https://openalex.org/I185261750,https://ror.org/03dbr7087,144546,2639350,2639350,1759,18.25958518395528,4.2286251339497465,1759,0.6821496271083254,0.48602825221047485,1.4911058673866084,8,True,25,32,20
University of Waterloo,University of Waterloo,University of Waterloo,CA,https://openalex.org/I151746483,https://ror.org/01aff2v68,36951,621566,621566,766,16.821358014668075,4.193746462931522,766,0.5885361695217991,0.4537922370970897,1.3255289584270005,5,False,151-200,113,199
Western University,Western University,Western University,CA,https://openalex.org/I125749732,https://ror.org/02grkyz14,43193,619187,619187,833,14.335355265899567,3.494524149638739,833,0.6546199615678466,0.5111685963512749,1.8269363040314455,9,True,301-400,142,309
EPFL – École polytechnique fédérale de Lausanne,École Polytechnique Fédérale de Lausanne,École Polytechnique Fédérale de Lausanne,CH,https://openalex.org/I5124864,https://ror.org/02s376052,37776,739309,739309,1215,19.570865099534096,4.985044562263649,1215,0.911160525201186,0.5191405553555766,1.4655370410680886,7,False,44,22,80
Swiss Federal Institute of Technology Zurich,ETH Zurich,ETH Zurich,CH,https://openalex.org/I35440088,https://ror.org/05a28rw58,71567,1351855,1351855,1157,18.88936241563849,3.4795241055974726,1157,0.8386546872161751,0.39886802955527934,1.2211987901683914,3,False,22,8,33
University of Basel,University of Basel,University of Basel,CH,https://openalex.org/I1850255,https://ror.org/02s6k3f65,32797,524593,524593,865,15.995151995609355,3.8688328813474984,865,0.8455041619660335,0.5557279577352704,1.9672729738898913,10,True,94,150,189
University of Bern,University of Bern,University of Bern,CH,https://openalex.org/I118564535,https://ror.org/02k7v4d05,48163,811225,811225,901,16.843323713223842,3.450388177608281,901,0.8505699395801757,0.46852916343973283,1.6073805942505086,6,False,151-200,191,113
University of Geneva,University of Geneva,University of Geneva,CH,https://openalex.org/I114457229,https://ror.org/01swzsf04,35502,598793,598793,1005,16.866458227705483,4.036990930108483,1005,0.8555010985296603,0.4047029901351495,1.1015268373595732,4,False,58,168,129
University of Lausanne,University of Lausanne,University of Lausanne,CH,https://openalex.org/I97565354,https://ror.org/019whta54,34714,551766,551766,967,15.894624647116437,3.5746904902272005,967,0.8397188454225961,0.5524149956552085,2.0291450822666817,9,True,101-150,233,179
University of Zurich,University of Zurich,University of Zurich,CH,https://openalex.org/I202697423,https://ror.org/02crff812,60649,1015953,1015953,1106,16.751356164157695,7.158730772203756,1106,0.8539959438737654,0.7276138614024102,2.007407342623983,7,False,64,98,64
Pontificia Universidad Católica de Chile (UC),Pontificia Universidad Católica de Chile,Pontificia Universidad Católica de Chile,CL,https://openalex.org/I162148367,https://ror.org/04teye511,24828,298786,298786,477,12.03423554051877,2.5071098471382864,477,0.7580554212985339,0.3545123565106836,1.2443586429387579,4,False,,119,
Universidad de Chile,University of Chile,University of Chile,CL,https://openalex.org/I69737025,https://ror.org/047gc3g35,28604,279598,279598,514,9.774786743112852,0.9452515800705902,514,0.8080338414207803,0.3507142976318003,1.6477916565323967,6,False,501-600,185,421
Beihang University,Beihang University,Beihang University,CN,https://openalex.org/I82880672,https://ror.org/00wk2mp56,50889,886445,886445,553,17.419186857670617,5.036857222990551,553,0.3907327713258268,0.41813755859210333,0.9030069633816434,3,False,101-150,349,183
Beijing Institute of Technology,Beijing Institute of Technology,Beijing Institute of Technology,CN,https://openalex.org/I125839683,https://ror.org/01skt4w74,53637,1041145,1041145,575,19.4109476667226,5.475592209159502,575,0.3554449353990715,0.4196228375334955,0.7919521887143898,4,False,101-150,243,152
Beijing Normal University,Beijing Normal University,Beijing Normal University,CN,https://openalex.org/I25254941,https://ror.org/022k4wk35,44746,727855,727855,579,16.26637017833996,4.489039927030924,579,0.5783533723684798,0.47754091468307625,1.3743135477125994,6,False,101-150,237,135
Central South University,Central South University,Central South University,CN,https://openalex.org/I139660479,https://ror.org/00f1zfq44,108130,1918753,1918753,706,17.744871913437528,5.498906671152119,706,0.5935263109220383,0.5252269956953569,1.3590696949021148,6,False,96,452,131
China Agricultural University,China Agricultural University,China Agricultural University,CN,https://openalex.org/I52158045,https://ror.org/04v3ywz14,42604,684186,684186,565,16.059196319594403,4.935438786321319,565,0.6997230307013426,0.40881034199760347,0.8798945980054136,4,False,151-200,477,192
Chongqing University,Chongqing University,Chongqing University,CN,https://openalex.org/I158842170,https://ror.org/023rhb549,56119,1080793,1080793,480,19.258949731819882,5.528225194078918,480,0.41362105525757764,0.42306252073269857,0.7963399430904395,3,False,151-200,465,202
Dalian University of Technology,Dalian University of Technology,Dalian University of Technology,CN,https://openalex.org/I27357992,https://ror.org/023hj5876,46162,875000,875000,563,18.954984619383907,5.0175527066079635,563,0.34201291105238074,0.43618105773272864,1.006227398354275,5,False,151-200,463,254
Fudan University,Fudan University,Fudan University,CN,https://openalex.org/I24943067,https://ror.org/013q1eq08,99046,1684033,1684033,853,17.002534176039415,4.974816702301106,853,0.6501726470528845,0.5914583932014075,1.8610114825338668,9,True,41,26,49
Harbin Institute of Technology,Harbin Institute of Technology,Harbin Institute of Technology,CN,https://openalex.org/I204983213,https://ror.org/01yqg2h08,74147,1433039,1433039,602,19.32699906941616,5.643822595086531,602,0.338435809945109,0.4526541432898522,0.925641590434675,5,False,101-150,190,111
Huazhong University of Science and Technology,Huazhong University of Science and Technology,Huazhong University of Science and Technology,CN,https://openalex.org/I47720641,https://ror.org/00p991c53,103913,2199804,2199804,894,21.16967078228903,5.363925504788849,894,0.5607671802373139,0.5374611601907309,1.4621516491175757,7,False,73,307,92
Hunan University,Hunan University,Hunan University,CN,https://openalex.org/I16609230,https://ror.org/05htk5m33,36992,913315,913315,658,24.689527465397923,6.637599266951741,658,0.3736753892733564,0.6167293043330606,1.5467777528707871,6,False,151-200,477,115
Jilin University,Jilin University,Jilin University,CN,https://openalex.org/I194450716,https://ror.org/00js3aw79,64904,1103437,1103437,619,17.00106310859115,5.477765864772499,619,0.546422408480217,0.5810126507014806,1.6677346763196705,7,False,101-150,488,255
Nanjing University,Nanjing University,Nanjing University,CN,https://openalex.org/I881766915,https://ror.org/01rxvg760,60589,1161765,1161765,821,19.174520127415867,5.93934037029446,821,0.53834854511545,0.6410131859379103,1.8682260450017434,8,False,75,90,77
Nankai University,Nankai University,Nankai University,CN,https://openalex.org/I205237279,https://ror.org/01y1kjr75,42631,862107,862107,669,20.222537590016653,5.995190896570409,669,0.5355961624170205,0.6304537965214648,1.7957229943073114,6,False,151-200,329,146
Northwestern Polytechnical University,Northwestern Polytechnical University,Northwestern Polytechnical University,CN,https://openalex.org/I17145004,https://ror.org/01y0j0j86,49685,976912,976912,487,19.662111301197545,6.842209110946418,487,0.35314481231760086,0.5201388366346166,0.9667227534834787,5,False,101-150,425,182
Peking Union Medical College,Chinese Academy of Medical Sciences & Peking Union Medical College,Chinese Academy of Medical Sciences & Peking Union Medical College,CN,https://openalex.org/I200296433,https://ror.org/02drdmm93,90601,1481750,1481750,1016,16.354675996953677,4.039884645403675,1016,0.7344069050010485,0.39299457504251656,1.0371625925790897,4,True,151-200,,378
Peking University,Peking University,Peking University,CN,https://openalex.org/I20231570,https://ror.org/02v51f717,155307,2519704,2519704,1107,16.224020810394894,4.929418668622777,1107,0.6790550329347679,0.6301516536766923,2.0834480438960443,9,False,23,13,19
Shandong University,Shandong University,Shandong University,CN,https://openalex.org/I154099455,https://ror.org/0207yh398,78481,1254598,1254598,591,15.986009352582153,5.058581149346934,591,0.548540411054905,0.548491358252915,1.6049508482652066,6,False,101-150,309,222
Shanghai Jiao Tong University,Shanghai Jiao Tong University,Shanghai Jiao Tong University,CN,https://openalex.org/I183067930,https://ror.org/0220qvk04,150632,2642271,2642271,869,17.541232938552234,5.502899081814726,869,0.5649264432524298,0.5552125616363982,1.5208121709274671,7,False,30,36,37
Shenzhen University,Shenzhen University,Shenzhen University,CN,https://openalex.org/I180726961,https://ror.org/01vy4gh70,47316,1005876,1005876,507,21.258686279482628,5.8274313921372745,507,0.4758221320483557,0.5197670885107702,1.2402244157340632,5,False,201-300,416,166
Sichuan University,Sichuan University,Sichuan University,CN,https://openalex.org/I24185976,https://ror.org/011ashp19,113453,1834181,1834181,698,16.166879677046882,5.152160324285417,698,0.6068592280503821,0.5450570628464465,1.5608945728164454,6,False,87,300,139
Soochow University (China),Soochow University,Soochow University,CN,https://openalex.org/I3923682,https://ror.org/05t8y2r12,51205,928417,928417,635,18.131373889268627,5.35128213912537,635,0.5692412850307588,0.5588679698892828,1.5818268455572302,5,False,101-150,711-720,312
South China University of Technology,South China University of Technology,South China University of Technology,CN,https://openalex.org/I90610280,https://ror.org/0530pts50,54654,1161560,1161560,578,21.252973249899366,5.987704957124734,578,0.3917920005855015,0.4818622442018399,0.9908794501036138,3,False,101-150,342,162
Southeast University,Southeast University,Southeast University,CN,https://openalex.org/I76569877,https://ror.org/04ct4d772,61601,1162929,1162929,592,18.878411064755444,5.336190588791677,592,0.32775441957111084,0.4206566127967347,0.8354144161177259,5,False,101-150,335,133
Southern University of Science and Technology,Southern University of Science and Technology,Southern University of Science and Technology,CN,https://openalex.org/I3045169105,https://ror.org/049tv2d57,38525,880809,880809,537,22.86330953926022,6.912254901960784,537,0.5339130434782609,0.6363351590010893,1.5786694837712925,7,False,101-150,317,119
Sun Yat-sen University,Sun Yat-sen University,Sun Yat-sen University,CN,https://openalex.org/I157773358,https://ror.org/0064kty71,134735,2260433,2260433,905,16.776880543288677,4.608434813753582,905,0.6562066278249898,0.47438762311110594,1.324773994865205,5,True,65,258,74
Tianjin University,Tianjin University,Tianjin University,CN,https://openalex.org/I162868743,https://ror.org/012tb2g32,63316,1312462,1312462,608,20.72875734411523,5.71757310567327,608,0.37955651020279235,0.577169959804206,1.5817586513569015,6,False,101-150,235,166
Tongji University,Tongji University,Tongji University,CN,https://openalex.org/I116953780,https://ror.org/03rc6as71,75332,1268392,1268392,585,16.83735995327351,4.87322187259835,585,0.5212924122550842,0.3205785501914331,0.41767416489415277,3,False,101-150,146,110
Tsinghua University,Tsinghua University,Tsinghua University,CN,https://openalex.org/I99065089,https://ror.org/03cve4549,123688,2941311,2941311,1173,23.78008375913589,6.515777033497293,1173,0.4704417566780933,0.6269648808740256,1.6354342967814055,7,False,18,14,6
University of Chinese Academy of Sciences,University of Chinese Academy of Sciences,University of Chinese Academy of Sciences,CN,https://openalex.org/I4210165038,https://ror.org/05qbk4x57,187915,3958412,3958412,901,21.064907005827102,5.793371973225206,901,0.5258600963201447,0.6419203318668674,1.9127835874487582,8,False,,360,53
University of Electronic Science and Technology of China,University of Electronic Science and Technology of China,University of Electronic Science and Technology of China,CN,https://openalex.org/I150229711,https://ror.org/04qr3zq92,57895,995020,995020,514,17.186630969859227,4.471618473825245,514,0.4101908627688056,0.4067563099553452,0.9946718197295938,4,False,151-200,488,152
"University of Science & Technology of China, CAS",University of Science and Technology of China,University of Science and Technology of China,CN,https://openalex.org/I126520041,https://ror.org/04c4dkn09,79946,1750656,1750656,970,21.897981137267656,6.2006261577395705,970,0.4603732519450629,0.6149323933154143,1.6556619514556314,6,False,40,134,59
Wuhan University,Wuhan University,Wuhan University,CN,https://openalex.org/I37461747,https://ror.org/033vjfk17,89226,1771632,1771632,856,19.85555779705467,4.892949084668192,856,0.6168717638356532,0.6028660973811577,1.9451848684907183,8,False,81,165,85
Xi'an Jiaotong University,Xi'an Jiaotong University,Xi'an Jiaotong University,CN,https://openalex.org/I87445476,https://ror.org/017zhmm22,78922,1462673,1462673,633,18.533146651123893,5.3405342929317,633,0.42217632599275234,0.41646578214349816,0.8114781807614188,3,False,92,,129
Xiamen University,Xiamen University,Xiamen University,CN,https://openalex.org/I191208505,https://ror.org/00mcjh785,46059,868115,868115,654,18.847890748822163,5.864252246292928,654,0.5294947784363534,0.6540937622205547,1.9596427085760857,9,False,101-150,303,176
Zhejiang University,Zhejiang University,Zhejiang University,CN,https://openalex.org/I76130692,https://ror.org/00a2xv884,144558,2617913,2617913,933,18.109776006862297,5.512744726445763,933,0.5707951133800966,0.5668631778834557,1.5814037199708113,7,False,24,47,35
Zhengzhou University,Zhengzhou University,Zhengzhou University,CN,https://openalex.org/I38877650,https://ror.org/04ypx8c21,58281,1261256,1261256,484,21.64094644910005,5.512127649063874,484,0.5412226969338206,0.6071411139332339,1.8002869347816677,7,False,151-200,581,208
"Eberhard Karls University, Tübingen",University of Tübingen,University of Tübingen,DE,https://openalex.org/I8087733,https://ror.org/03a1kwz48,37444,562574,562574,889,15.024409785279351,3.39501817404319,889,0.7630060890930456,0.5171828554183793,1.886611371323633,8,True,151-200,,193
Freie Universitaet Berlin,Freie Universität Berlin,Freie Universität Berlin,DE,https://openalex.org/I75951250,https://ror.org/046ak2485,40002,592301,592301,733,14.806784660766962,3.804122381591167,733,0.7860606969651518,0.5085374242815978,1.7285902057043743,8,False,,98,63
Goethe University Frankfurt,Goethe University Frankfurt,Goethe University Frankfurt,DE,https://openalex.org/I114090438,https://ror.org/04cvxnb49,40008,559125,559125,1004,13.975329934013198,3.160760603514412,1004,0.742376524695061,0.4659882956148824,1.6722194895168827,6,False,151-200,,
Humboldt-Universität zu Berlin,Humboldt-Universität zu Berlin,Humboldt-Universität zu Berlin,DE,https://openalex.org/I39343248,https://ror.org/01hcx6992,36813,633801,633801,778,17.216771249286936,3.7663006240625174,778,0.7990655474968081,0.47456795984516636,1.5543994596785708,6,False,,140,51
"KIT, Karlsruhe Institute of Technology",Karlsruhe Institute of Technology,Karlsruhe Institute of Technology,DE,https://openalex.org/I102335020,https://ror.org/04t3en479,55440,540537,540537,731,9.749945887445888,2.7815578879639684,731,0.8168109668109668,0.47181121524737024,1.8067954679051295,7,False,301-400,110,299
Ludwig-Maximilians-Universität München,Ludwig-Maximilians-Universität München,Ludwig-Maximilians-Universität München,DE,https://openalex.org/I8204097,https://ror.org/05591te55,76387,1134763,1134763,1129,14.85544660740702,3.553890627001116,1129,0.7767944807362509,0.4828486011213986,1.6570356971419633,7,True,42,61,50
RWTH Aachen University,RWTH Aachen University,RWTH Aachen University,DE,https://openalex.org/I887968799,https://ror.org/04xfq0f34,63442,662841,662841,890,10.447983985372467,2.406551633528948,890,0.7874121244601369,0.3224999044766397,1.0978282416651133,4,False,201-300,104,223
Technical University of Munich,Technical University of Munich,Technical University of Munich,DE,https://openalex.org/I62916508,https://ror.org/02kkvpp62,65764,1051969,1051969,1010,15.99612249863147,3.773352251268284,1010,0.73506781825923,0.3902073483996888,1.0943931926698838,6,False,45,25,73
Technische Universität Berlin (TU Berlin),Technische Universität Berlin,Technische Universität Berlin,DE,https://openalex.org/I4577782,https://ror.org/03v4gjf40,26875,351239,351239,629,13.069358139534884,2.963085588156943,629,0.7093209302325582,0.4637281053144716,1.713616649460945,8,False,,158,
Technische Universität Dresden,Technische Universität Dresden,Technische Universität Dresden,DE,https://openalex.org/I78650965,https://ror.org/042aqky30,41056,619856,619856,761,15.097817614964926,3.4599405374944134,761,0.7315861262665627,0.439477913410401,1.4470340897846592,5,False,,185,
University of Bonn,University of Bonn,University of Bonn,DE,https://openalex.org/I135140700,https://ror.org/041nas322,34169,492511,492511,1021,14.413971728759988,3.35801743919229,1021,0.810471479996488,0.3747835672337144,1.1234063220818304,6,False,68,,179
University of Cologne,University of Cologne,University of Cologne,DE,https://openalex.org/I180923762,https://ror.org/00rcxh774,34653,455706,455706,789,13.150549735953597,2.9722050501688146,789,0.7698900528092806,0.4427177512397433,1.5970510390376904,7,False,151-200,269,238
University of Freiburg,University of Freiburg,University of Freiburg,DE,https://openalex.org/I161046081,https://ror.org/0245cg223,34857,535942,535942,962,15.375448260033853,3.346092621525219,962,0.7764294115959491,0.4985711826012631,1.7988306744765405,8,True,101-150,,227
University of Goettingen,University of Göttingen,University of Göttingen,DE,https://openalex.org/I74656192,https://ror.org/01y9bpm73,47978,541416,541416,858,11.284672141398142,2.1128686556927296,858,0.9386593855517112,0.4590529589767838,1.9190705896507458,8,False,151-200,261,187
University of Hamburg,Universität Hamburg,Universität Hamburg,DE,https://openalex.org/I159176309,https://ror.org/00g30e956,65073,888250,888250,1016,13.650054554116146,3.5542162310634073,1016,0.7392774268898007,0.44791730062165513,1.4672647109749497,6,False,201-300,209,146
University of Mainz,Johannes Gutenberg University Mainz,Johannes Gutenberg University Mainz,DE,https://openalex.org/I197323543,https://ror.org/023b0x485,32895,561226,561226,945,17.061133910928714,3.694370105242419,945,0.74859401124791,0.4037294936506238,1.189264905095407,5,False,151-200,,223
University of Muenster,University of Münster,University of Münster,DE,https://openalex.org/I22465464,https://ror.org/00pd74e08,27696,354430,354430,714,12.797154823801272,3.4870288348549217,714,0.7204650491045639,0.4944623540629183,1.738253758688752,6,False,151-200,370,218
Universität Heidelberg,Heidelberg University,Heidelberg University,DE,https://openalex.org/I223822909,https://ror.org/038t36y30,78911,1423907,1423907,1580,18.044467818174905,3.9818711128754796,1580,0.7888634030743495,0.4552629970943004,1.3910412838947617,4,True,51,86,68
Aarhus University,Aarhus University,Aarhus University,DK,https://openalex.org/I204337017,https://ror.org/01aj84f44,66123,839146,839146,854,12.690682515917306,3.131595696317624,854,0.7518715121818429,0.5423642640301708,2.0948717935841623,7,False,85,128,117
Technical University of Denmark,Technical University of Denmark,Technical University of Denmark,DK,https://openalex.org/I96673099,https://ror.org/04qtj9h94,41116,703874,703874,979,17.119223659889094,4.002838441822534,979,0.808128222589746,0.46435277685042914,1.4347074519983,6,False,151-200,105,189
University of Copenhagen,University of Copenhagen,University of Copenhagen,DK,https://openalex.org/I124055696,https://ror.org/035b05819,87071,1404268,1404268,1222,16.127849685888528,4.011789904657202,1222,0.8403946204821353,0.5472047968780253,1.8821768571923077,9,True,35,90,45
Autonomous University of Barcelona,Universitat Autònoma de Barcelona,Universitat Autònoma de Barcelona,ES,https://openalex.org/I123044942,https://ror.org/052g8jq94,43549,617962,617962,757,14.190038806861237,3.2807533475159554,757,0.8009598383430159,0.5445105331270209,2.06602887785862,10,False,301-400,211,131
Complutense University of Madrid,Universidad Complutense de Madrid,Universidad Complutense de Madrid,ES,https://openalex.org/I121748325,https://ror.org/02p0gd045,48109,453846,453846,606,9.43370263360286,2.3294204400510203,606,0.8072086304017959,0.38109399837102664,1.4369453386451179,5,False,301-400,199,296
Universitat de Barcelona,Universitat de Barcelona,Universitat de Barcelona,ES,https://openalex.org/I71999127,https://ror.org/021018s57,57605,900211,900211,990,15.62730665740821,3.4126366499907355,990,0.8175505598472355,0.46343749985689336,1.5899818852167886,7,True,151-200,165,88
Aalto University,Aalto University,Aalto University,FI,https://openalex.org/I9927081,https://ror.org/020hwjq30,22675,391154,391154,486,17.25045203969129,3.7483007380843167,486,0.8557001102535833,0.4908027673562605,1.6474441904400021,6,False,401-500,126,290
University of Helsinki,University of Helsinki,University of Helsinki,FI,https://openalex.org/I133731052,https://ror.org/040af2s02,60753,949116,949116,1159,15.622537158658831,2.9441631559283166,1159,0.8705413724425132,0.4964825144838149,1.8966159539048255,7,False,94,123,109
Aix Marseille University,Aix-Marseille Université,Aix-Marseille Université,FR,https://openalex.org/I21491767,https://ror.org/035xkbk20,47591,591046,591046,782,12.41928095648337,2.178581996423471,782,0.7340463533020949,0.39215418164354665,1.5379577642772082,6,False,151-200,443,247
Institut Polytechnique de Paris,Institut Polytechnique de Paris,Institut Polytechnique de Paris,FR,https://openalex.org/I4210145102,https://ror.org/042tfbd02,3764,34082,34082,170,9.054729011689691,2.247704014694306,170,0.65807651434644,0.24585491654196806,0.7247620316705354,4,False,201-300,43,328
PSL Research University Paris (ComUE),Université Paris Sciences et Lettres,Université Paris Sciences et Lettres,FR,https://openalex.org/I2746051580,https://ror.org/013cjyk83,24012,486354,486354,684,20.254622688655672,5.246032091142323,684,0.8340413126769949,0.44041092251076885,0.9671622536902719,4,False,34,34,108
Paris-Saclay University,Université Paris-Saclay,Université Paris-Saclay,FR,https://openalex.org/I277688954,https://ror.org/03xjwb503,79487,1236126,1236126,1092,15.55129769647867,3.6228172738179847,1092,0.7693333501075648,0.35958666009562146,0.9689893858178528,5,False,13,76,82
Sorbonne University,Sorbonne Université,Sorbonne Université,FR,https://openalex.org/I39804081,https://ror.org/02en5vm52,110728,1561623,1561623,1460,14.103234954121811,3.8412867537054742,1460,0.7411494834188281,0.4085306417040444,1.1754468595364373,5,False,43,73,67
University of Montpellier,Université de Montpellier,Université de Montpellier,FR,https://openalex.org/I19894307,https://ror.org/051escj72,54904,683267,683267,743,12.444758123269708,3.0492751194167433,743,0.7941315751129244,0.5253189545653385,2.0246637195400954,8,False,151-200,473,259
University of Strasbourg,Université de Strasbourg,Université de Strasbourg,FR,https://openalex.org/I68947357,https://ror.org/00pg6eq24,29940,381567,381567,659,12.74438877755511,3.3808102095773327,659,0.7312959251837008,0.5049062930766989,1.8238052392031214,7,False,101-150,456,331
Universit茅 Grenoble Alpes,Université Grenoble Alpes,Université Grenoble Alpes,FR,https://openalex.org/I899635006,https://ror.org/02rx3b187,61132,643162,643162,792,10.520872865275143,2.020590769502684,792,0.7493293201596545,0.40375823783381115,1.6438655455670856,7,False,151-200,387,320
Universit茅 Paris Cit茅,Université Paris Cité,Université Paris Cité,FR,https://openalex.org/I204730241,https://ror.org/05f82e368,86985,1628051,1628051,1641,18.716456860378226,4.876339380549773,1641,0.7099499913778238,0.5584757302611429,1.7086477010558285,8,False,60,303,61
Cardiff University,Cardiff University,Cardiff University,GB,https://openalex.org/I79510175,https://ror.org/03kk7td41,35083,627867,627867,1214,17.89661659493202,4.131382010459707,1214,0.7903543026537069,0.5405394486359518,1.813512724981142,8,True,201-300,179,211
Durham University,Durham University,Durham University,GB,https://openalex.org/I190082696,https://ror.org/01v29qb04,25472,362858,362858,723,14.245367462311558,4.955061704115247,723,0.8298523869346733,0.4029943232259714,0.8429849002530199,4,False,201-300,85,270
Imperial College London,Imperial College London,Imperial College London,GB,https://openalex.org/I47508984,https://ror.org/041kmwe10,113313,2218429,2218429,1545,19.577886032494064,6.3179940627313025,1545,0.8179820497206852,0.6145386316015207,1.6216574315835282,6,True,26,2,14
King's College London,King's College London,King's College London,GB,https://openalex.org/I183935753,https://ror.org/0220mzb33,79415,1505588,1505588,1229,18.958483913618334,3.6408172057639763,1229,0.7873323679405654,0.4479681087146501,1.4440277457729993,7,True,61,37,42
Lancaster University,Lancaster University,Lancaster University,GB,https://openalex.org/I67415387,https://ror.org/04f2nsd36,21713,346678,346678,683,15.966379588265095,3.5482788335071884,683,0.7717496430709713,0.4691093532467745,1.5839530176626315,6,False,301-400,164,324
London School of Hygiene and Tropical Medicine,London School of Hygiene & Tropical Medicine,London School of Hygiene & Tropical Medicine,GB,https://openalex.org/I4210089966,https://ror.org/00a0jsq62,56263,666737,666737,1053,11.85036347155324,3.4880296197316407,1053,0.9625508771306187,0.48100796800070345,1.664922556459396,8,True,201-300,,127
Newcastle University,Newcastle University,Newcastle University,GB,https://openalex.org/I84884186,https://ror.org/01kj2bm70,39649,649113,649113,881,16.371484778935155,3.498903017292222,881,0.7772453277510152,0.46311938109149575,1.564832436415364,6,True,201-300,149,202
Queen Mary University of London,Queen Mary University of London,Queen Mary University of London,GB,https://openalex.org/I166337079,https://ror.org/026zzn846,39160,823969,823969,973,21.04108784473953,4.413563360395341,973,0.7661644535240041,0.4386902503924669,1.1838406847089127,5,False,201-300,103,101
Queen's University Belfast,Queen's University Belfast,Queen's University Belfast,GB,https://openalex.org/I126231945,https://ror.org/00hswnk62,27401,502586,502586,656,18.341885332652094,3.6944259899016743,656,0.8087661034268823,0.48231712894278456,1.6159932360886426,6,False,301-400,174,241
The London School of Economics and Political Science,London School of Economics and Political Science,London School of Economics and Political Science,GB,https://openalex.org/I909854389,https://ror.org/0090zs177,16566,224378,224378,543,13.544488711819389,2.950952858575727,543,0.77411565857781,0.32797854543085025,0.9797688313234432,4,False,151-200,62,223
The University of Edinburgh,University of Edinburgh,University of Edinburgh,GB,https://openalex.org/I98677209,https://ror.org/01nrxwf90,75816,1321808,1321808,1328,17.434420175160916,3.860713065269393,1328,0.843647778832964,0.49068151111295316,1.6162648983597274,5,False,37,35,41
The University of Manchester,University of Manchester,University of Manchester,GB,https://openalex.org/I28407311,https://ror.org/027m9bs27,73786,1275431,1275431,1228,17.285541972731956,3.6271873643648838,1228,0.808080123600683,0.4001208365613883,1.1879099711021566,4,False,46,40,68
The University of Sheffield,University of Sheffield,University of Sheffield,GB,https://openalex.org/I91136226,https://ror.org/05krs5044,43737,691465,691465,976,15.809611998993987,3.5951640075314635,976,0.7695086540000458,0.5630752394735653,2.0814731967442586,10,False,151-200,82,186
The University of Warwick,University of Warwick,University of Warwick,GB,https://openalex.org/I39555362,https://ror.org/01a77tt86,38098,566040,566040,768,14.857472833219592,3.6804764370792338,768,0.7737938999422542,0.4424515448331333,1.403304115945356,7,False,101-150,68,200
University College London,University College London,University College London,GB,https://openalex.org/I45129253,https://ror.org/02jx3x895,162171,3227918,3227918,2048,19.90440954301324,5.007683612515957,2048,0.8275030677494744,0.5157334430976579,1.4408891890435345,6,True,14,8,9
University of Bath,University of Bath,University of Bath,GB,https://openalex.org/I51601045,https://ror.org/002h8g185,20064,305729,305729,609,15.237689393939394,3.3267620847961115,609,0.791267942583732,0.5434255561733509,2.0476455361267103,10,False,401-500,125,386
University of Birmingham,University of Birmingham,University of Birmingham,GB,https://openalex.org/I79619799,https://ror.org/03angcq70,52301,1009806,1009806,1169,19.30758494101451,4.620143755345808,1169,0.7967534081566318,0.5172358108265791,1.554267476453541,8,True,151-200,68,97
University of Bristol,University of Bristol,University of Bristol,GB,https://openalex.org/I36234482,https://ror.org/0524sp257,52614,1023217,1023217,1155,19.44761850458053,3.1409082414501963,1155,0.835690120500247,0.5476247878677173,2.120908853501595,9,False,98,57,115
University of Cambridge,University of Cambridge,University of Cambridge,GB,https://openalex.org/I241749,https://ror.org/013meh722,110065,2283977,2283977,1796,20.751165220551492,5.967730059248605,1796,0.8110571026211784,0.5039426467734455,1.1162029341995243,5,True,4,6,5
University of Exeter,University of Exeter,University of Exeter,GB,https://openalex.org/I23923803,https://ror.org/03yghzc09,40047,706088,706088,791,17.631483007466226,3.688070665232614,791,0.8341448797662746,0.4983163929950479,1.7045973358964492,6,False,151-200,136,138
University of Glasgow,University of Glasgow,University of Glasgow,GB,https://openalex.org/I7882870,https://ror.org/00vtgdb53,49763,899868,899868,1403,18.08307376966823,4.481260397299149,1403,0.8706669613970219,0.5512250027724348,1.776542206471826,7,True,101-150,80,77
University of Leeds,University of Leeds,University of Leeds,GB,https://openalex.org/I130828816,https://ror.org/024mrxd33,47943,786136,786136,927,16.397305133178982,3.1296626599457156,927,0.7836389045324657,0.44346328600585644,1.5583484049968324,5,False,151-200,77,146
University of Leicester,University of Leicester,University of Leicester,GB,https://openalex.org/I153648349,https://ror.org/04h699437,26375,459108,459108,801,17.406938388625594,4.265679751171306,801,0.8113744075829384,0.4331991897947423,1.194174931773304,4,False,301-400,314,166
University of Liverpool,University of Liverpool,University of Liverpool,GB,https://openalex.org/I146655781,https://ror.org/04xs57h96,58575,842907,842907,1075,14.39021766965429,3.5959550202515453,1075,0.7958685446009389,0.38641323191252663,1.121955305036281,4,True,101-150,139,169
University of Nottingham,University of Nottingham,University of Nottingham,GB,https://openalex.org/I142263535,https://ror.org/01ee9ar58,44941,760603,760603,862,16.924478761042256,3.594171070390959,862,0.8134665450257004,0.5417669736519694,1.966035475324949,10,True,101-150,97,155
University of Oxford,University of Oxford,University of Oxford,GB,https://openalex.org/I40120149,https://ror.org/052gg0110,231371,2790702,2790702,2050,12.06158939538663,4.504785908801205,2050,0.8873454322278937,0.5856422935565508,1.957046267426501,8,True,6,4,4
University of Reading,University of Reading,University of Reading,GB,https://openalex.org/I71052956,https://ror.org/05v62cm79,18774,285542,285542,642,15.209438585277512,2.605348408816617,642,0.8053691275167785,0.38071405987395707,1.359965548160305,4,False,401-500,196,408
University of Southampton,University of Southampton,University of Southampton,GB,https://openalex.org/I43439940,https://ror.org/01ryk1543,42608,787550,787550,912,18.483618099887344,3.02772518552371,912,0.7733289523094254,0.37425181830260645,1.2101958438470073,4,False,151-200,111,125
University of St Andrews,University of St Andrews,University of St Andrews,GB,https://openalex.org/I16835326,https://ror.org/02wn5qz54,17604,242734,242734,647,13.788570779368325,3.587878423834695,647,0.8035105657805044,0.5236301630467997,1.8692581797491876,9,False,301-400,115,375
University of York,University of York,University of York,GB,https://openalex.org/I52099693,https://ror.org/04m01e293,26637,512470,512470,736,19.239028419116266,2.767359294416623,736,0.7950595036978638,0.5532357544128752,2.252798848887122,10,True,201-300,158,328
City University of Hong Kong,City University of Hong Kong,City University of Hong Kong,HK,https://openalex.org/I168719708,https://ror.org/03q8dnn23,37746,950268,950268,645,25.17532983627404,8.667763351154456,645,0.49223758808880413,0.6316438481909162,1.2578633664079963,5,False,99,52,47
The Chinese University of Hong Kong,Chinese University of Hong Kong,Chinese University of Hong Kong,HK,https://openalex.org/I177725633,https://ror.org/00t33hh48,54906,1203757,1203757,1090,21.923960951444286,3.1101328613425907,1090,0.6322624121225368,0.514027666996396,1.9468268447864334,10,True,101-150,18,28
The Hong Kong Polytechnic University,Hong Kong Polytechnic University,Hong Kong Polytechnic University,HK,https://openalex.org/I14243506,https://ror.org/0030zas98,48793,1150425,1150425,651,23.57766482897137,6.690280572322826,651,0.5380484905621709,0.6309351019227964,1.609614121228375,8,False,151-200,50,52
The Hong Kong University of Science and Technology,Hong Kong University of Science and Technology,Hong Kong University of Science and Technology,HK,https://openalex.org/I200769079,https://ror.org/00q4vv597,28295,659216,659216,738,23.297967838840783,6.450022678984936,738,0.5078635801378335,0.6713008877877575,1.8940387840733286,10,False,201-300,33,82
The University of Hong Kong,University of Hong Kong,University of Hong Kong,HK,https://openalex.org/I889458895,https://ror.org/02zhqgq86,73661,1569411,1569411,1158,21.305860631813307,4.867572918767301,1158,0.6475475489064769,0.6554032151744978,2.2373597043467277,12,True,67,11,40
Universitas Indonesia,University of Indonesia,University of Indonesia,ID,https://openalex.org/I29617571,https://ror.org/0116zj450,46027,215953,215953,259,4.691876507267473,1.1878433267128312,259,0.849392747735025,0.33631062421471836,1.503711781550113,5,False,,191,727
"Trinity College Dublin, The University of Dublin",Trinity College Dublin,Trinity College Dublin,IE,https://openalex.org/I205274468,https://ror.org/02tyrky19,28336,488335,488335,854,17.233730942970073,3.8544439372124875,854,0.7579757199322417,0.5983715350813058,2.202741174179179,11,True,201-300,75,213
University College Dublin,University College Dublin,University College Dublin,IE,https://openalex.org/I100930933,https://ror.org/05m7pjf47,31623,511601,511601,655,16.17812984220346,3.2824104412407165,655,0.7472093096796636,0.5076043393467222,1.8651723932694002,7,False,301-400,100,258
Technion-Israel Institute of Technology,Technion – Israel Institute of Technology,Technion – Israel Institute of Technology,IL,https://openalex.org/I174306211,https://ror.org/03qryx823,21481,311769,311769,713,14.513709790047018,3.7191209159921153,713,0.598854801917974,0.38207104482828946,1.064935998982401,3,False,97,334,394
Tel Aviv University,Tel Aviv University,Tel Aviv University,IL,https://openalex.org/I16391192,https://ror.org/04mhzgx49,47005,715879,715879,914,15.229847888522498,3.370407168221376,914,0.6532283799595787,0.4420871811176469,1.4855118632963977,7,False,201-300,208,193
The Hebrew University of Jerusalem,Hebrew University of Jerusalem,Hebrew University of Jerusalem,IL,https://openalex.org/I197251160,https://ror.org/03qxff017,30304,419997,419997,839,13.859457497360085,2.6708449815132114,839,0.6694495776135164,0.5690797576573348,2.3650387481474238,12,False,88,218,288
Weizmann Institute of Science,Weizmann Institute of Science,Weizmann Institute of Science,IL,https://openalex.org/I53964585,https://ror.org/0316ej306,13753,343430,343430,1077,24.971278993674108,5.423792980580795,1077,0.7916818148767542,0.5407963243594502,1.4640076258691537,7,False,71,,183
Indian Institute of Technology Bombay (IITB),Indian Institute of Technology Bombay,Indian Institute of Technology Bombay,IN,https://openalex.org/I162827531,https://ror.org/02qyf5152,20180,229550,229550,394,11.375123885034688,2.849676095441194,394,0.37462834489593655,0.4658160049023582,1.7557458697923238,8,False,801-900,134,657
Indian Institute of Technology Delhi (IITD),Indian Institute of Technology Delhi,Indian Institute of Technology Delhi,IN,https://openalex.org/I68891433,https://ror.org/049tgcd06,24442,306262,306262,390,12.530153015301531,3.0435379704550516,390,0.36666393912118483,0.344657576189069,1.045201049234424,4,False,601-700,118,697
Alma Mater Studiorum - Università di Bologna,University of Bologna,University of Bologna,IT,https://openalex.org/I9360294,https://ror.org/01111rn36,62247,870343,870343,890,13.982087490160168,2.971549404075356,890,0.8238308673510369,0.3458733289825043,1.0713482574216275,2,False,201-300,123,150
Politecnico di Milano,Politecnico di Milano,Politecnico di Milano,IT,https://openalex.org/I93860229,https://ror.org/01nffqt88,41544,438268,438268,520,10.54948969766994,0.47170187517888323,520,0.7526477951088003,0.30876805934100493,1.5485893881093526,9,False,,87,
Sapienza University of Rome,Sapienza University of Rome,Sapienza University of Rome,IT,https://openalex.org/I861853513,https://ror.org/02be6w209,74158,994289,994289,1075,13.407710563931067,3.4491507695372814,1075,0.7083524366892311,0.4248063495487995,1.370294646212183,7,False,101-150,111,155
University of Milan,University of Milan,University of Milan,IT,https://openalex.org/I189158943,https://ror.org/00wjc7c48,75154,1042235,1042235,933,13.867991058360166,0.32841833264970466,933,0.8380658381456743,0.312435942317869,1.607409217313148,6,True,151-200,270,160
University of Padua,University of Padua,University of Padua,IT,https://openalex.org/I138689650,https://ror.org/00240q980,61869,1021904,1021904,1115,16.517221872019913,3.18036553744967,1115,0.762417365724353,0.33397056447067536,0.9500190709043459,3,False,151-200,,175
Hokkaido University,Hokkaido University,Hokkaido University,JP,https://openalex.org/I205349734,https://ror.org/02e16g702,34344,409387,409387,646,11.920189843931983,0.9280621249558771,646,0.7230666200791986,0.39678663569095124,1.902638940430832,9,False,201-300,179,405
Institute of Science Tokyo,Yomiuri Science and Technology College,Yomiuri Science and Technology College,JP,https://openalex.org/I4210123323,https://ror.org/0364rgm75,4,16,16,10,4.0,4.0,10,0.75,0.5295477657438,1.7894973911376486,0,False,101-150,97,338
Kyoto University,Kyoto University,Kyoto University,JP,https://openalex.org/I22299242,https://ror.org/02kpeqv85,62502,772909,772909,1115,12.366148283254935,2.88656379081911,1115,0.6991456273399251,0.3850443567267837,1.307127518256579,8,False,46,64,162
Kyushu University,Kyushu University,Kyushu University,JP,https://openalex.org/I135598925,https://ror.org/00p4k0j84,40177,449612,449612,697,11.190780794982203,2.509827869165299,697,0.6720760634193693,0.4780318356785328,1.9143513238506953,7,False,201-300,171,331
Nagoya University,Nagoya University,Nagoya University,JP,https://openalex.org/I60134161,https://ror.org/04chrp450,36329,453497,453497,744,12.483057612375788,1.2738751044690277,744,0.6847422169616559,0.2600784761890841,1.0664006324974045,6,False,101-150,156,328
The University of Osaka,The University of Osaka,The University of Osaka,JP,https://openalex.org/I98285908,https://ror.org/035t8zc32,47344,583018,583018,1095,12.31450659006421,3.0642464178037483,1095,0.6642235552551538,0.3953130612729854,1.3146459734893863,7,False,201-300,95,264
The University of Tokyo,The University of Tokyo,The University of Tokyo,JP,https://openalex.org/I74801974,https://ror.org/057zh3y96,97146,1310910,1310910,1383,13.49422518683219,3.9207596064299306,1383,0.7037757601959936,0.4234391859922654,1.234825134896405,6,False,31,39,72
Tohoku University,Tohoku University,Tohoku University,JP,https://openalex.org/I201537933,https://ror.org/01dq60k83,47206,544116,544116,866,11.526416133542346,2.9638000763067534,866,0.6588569249671652,0.3812017123590598,1.265291068207953,4,False,201-300,102,268
Hanyang University,Hanyang University,Hanyang University,KR,https://openalex.org/I4575257,https://ror.org/046865y68,26034,458759,458759,515,17.621533379426904,4.328431241477045,515,0.562764077744488,0.42005349051050545,1.10575413511683,4,False,201-300,155,415
KAIST,Korea Advanced Institute of Science and Technology,Korea Advanced Institute of Science and Technology,KR,https://openalex.org/I157485424,https://ror.org/05apxxy63,26044,490573,490573,675,18.836315466134234,5.042400815765135,675,0.48418061741667945,0.4800071115471334,1.2374634604989205,6,False,201-300,65,245
Korea University,Korea University,Korea University,KR,https://openalex.org/I197347611,https://ror.org/047dqcg40,34336,677573,677573,646,19.73360321528425,5.42518756698821,646,0.5640726933830382,0.5395844641017189,1.4570483882565222,5,False,201-300,52,255
Pohang University of Science And Technology (POSTECH),Pohang University of Science and Technology,Pohang University of Science and Technology,KR,https://openalex.org/I123900574,https://ror.org/04xysgw12,13451,279535,279535,599,20.781726265705153,5.807279063014229,599,0.4891086164597428,0.523180889297037,1.264233422751853,4,False,301-400,106,345
Seoul National University,Seoul National University,Seoul National University,KR,https://openalex.org/I139264467,https://ror.org/04h9pn542,67203,1051249,1051249,966,15.642887966311028,3.6389003147150825,966,0.6849545407199084,0.5106461125596611,1.784899842676392,8,False,81,38,121
Sungkyunkwan University,Sungkyunkwan University,Sungkyunkwan University,KR,https://openalex.org/I848706,https://ror.org/04q78tk20,39949,716725,716725,706,17.940999774712758,4.787811205680215,706,0.6225687751883652,0.5244939022142461,1.5481570188687575,5,False,151-200,108,244
Yonsei University,Yonsei University,Yonsei University,KR,https://openalex.org/I193775966,https://ror.org/01wjejq96,54139,963114,963114,683,17.789652561000388,3.8044861799323146,683,0.7005116459483921,0.48499362923154415,1.6006448362872765,6,True,151-200,42,135
Al-Farabi Kazakh National University,Al-Farabi Kazakh National University,Al-Farabi Kazakh National University,KZ,https://openalex.org/I185571130,https://ror.org/03q0vrn42,9293,62723,62723,130,6.749488862584741,2.0231292517006803,130,0.7675669859033681,0.38860351075671073,1.5608837208543902,7,False,,177,
Tecnológico de Monterrey,Tecnológico de Monterrey,Tecnológico de Monterrey,MX,https://openalex.org/I98461037,https://ror.org/03ayjn504,16018,206758,206758,282,12.907853664627295,2.559686888454012,282,0.6491447121987763,0.44752414244874783,1.735152516181247,7,False,,188,603
Universidad Nacional Autónoma de México (UNAM),Universidad Nacional Autónoma de México,Universidad Nacional Autónoma de México,MX,https://openalex.org/I8961855,https://ror.org/01tmp8f25,72891,520826,520826,635,7.14527170706946,1.9985482364228546,635,0.7949403904460084,0.44296054148771347,1.8627250869888805,8,False,,145,
Universiti Kebangsaan Malaysia (UKM),National University of Malaysia,National University of Malaysia,MY,https://openalex.org/I885383172,https://ror.org/00bw8d226,35099,409977,409977,406,11.68058919057523,2.9882938915857604,406,0.7703923188694835,0.47603893657898433,1.7736221868218354,6,False,701-800,130,546
Universiti Malaya (UM),University of Malaya,University of Malaya,MY,https://openalex.org/I33849332,https://ror.org/00rzspn62,34651,466316,466316,599,13.457504833915326,3.1209227115389475,599,0.6732850422787221,0.5225189247051873,1.9900062092296589,7,False,601-700,56,311
Universiti Putra Malaysia (UPM),Universiti Putra Malaysia,Universiti Putra Malaysia,MY,https://openalex.org/I130343225,https://ror.org/02e91jd64,31835,368116,368116,463,11.563247997487043,2.7973920318495225,463,0.7693105073032825,0.5221385344532296,2.0757818112446453,10,False,,138,543
Universiti Sains Malaysia (USM),Universiti Sains Malaysia,Universiti Sains Malaysia,MY,https://openalex.org/I139322472,https://ror.org/02rgb2k63,30044,420073,420073,450,13.981926507788577,3.1510028322062307,450,0.6407602183464253,0.554504270723164,2.155524789693195,9,False,,128,378
Universiti Teknologi Malaysia,University of Technology Malaysia,University of Technology Malaysia,MY,https://openalex.org/I4576418,https://ror.org/026w31v75,28287,363379,363379,433,12.846148407395624,2.8146296118216494,433,0.6397638491179694,0.4510203122408126,1.6849182803078604,7,False,,158,429
Delft University of Technology,Delft University of Technology,Delft University of Technology,NL,https://openalex.org/I98358874,https://ror.org/02e2c7k09,47773,658878,658878,787,13.791848952337094,3.1264014372829823,787,0.829275950850899,0.4461704063758717,1.5739339523616862,7,False,151-200,48,170
Eindhoven University of Technology,Eindhoven University of Technology,Eindhoven University of Technology,NL,https://openalex.org/I83019370,https://ror.org/02c2kyt77,23667,334662,334662,650,14.14044872607428,3.5193546026635447,650,0.85477669328601,0.4538059852729767,1.5087064286681833,6,False,301-400,152,400
Erasmus University Rotterdam,Erasmus University Rotterdam,Erasmus University Rotterdam,NL,https://openalex.org/I913958620,https://ror.org/057w15z03,27359,453336,453336,951,16.56990387075551,3.0648610121168924,951,0.8644321795387259,0.42516248324421346,1.476566270166392,6,True,101-150,148,89
Leiden University,Leiden University,Leiden University,NL,https://openalex.org/I121797337,https://ror.org/027bh9e22,32796,523399,523399,862,15.95923283327235,3.8827864877969938,862,0.8652274667642396,0.38504344880849617,1.0366401114373573,3,False,101-150,119,61
Maastricht University,Maastricht University,Maastricht University,NL,https://openalex.org/I34352273,https://ror.org/02jz4aj89,37497,625931,625931,833,16.692828759634104,3.3298463550179798,833,0.8801770808331333,0.3594220957070048,1.0476397360667358,5,True,301-400,254,183
Radboud University Nijmegen,Radboud University Nijmegen,Radboud University Nijmegen,NL,https://openalex.org/I145872427,https://ror.org/016xsfp80,56315,992597,992597,1247,17.625801296279853,3.8334351993332407,1247,0.869608452454941,0.49069045107653264,1.623719603847974,6,True,101-150,,142
University of Amsterdam,University of Amsterdam,University of Amsterdam,NL,https://openalex.org/I887064364,https://ror.org/04dkp9463,61458,1239228,1239228,1146,20.163819193595625,3.7660815619254224,1146,0.8971818152234046,0.5056858249365276,1.7234339510190835,8,True,101-150,60,39
University of Groningen,University of Groningen,University of Groningen,NL,https://openalex.org/I169381384,https://ror.org/012p63287,50982,984411,984411,1259,19.308991408732492,4.263321377066154,1259,0.9289357027970656,0.5129924500397571,1.6281054909184671,6,True,73,157,77
Utrecht University,Utrecht University,Utrecht University,NL,https://openalex.org/I193662353,https://ror.org/04pp8hn57,79672,1025385,1025385,1077,12.870079827291896,4.0255831937105295,1077,0.9295612009237876,0.5149908072189094,1.7035047212758843,8,False,56,113,54
Vrije Universiteit Amsterdam,Vrije Universiteit Amsterdam,Vrije Universiteit Amsterdam,NL,https://openalex.org/I865915315,https://ror.org/008xxew50,44942,752339,752339,939,16.740220728939523,3.558634131427589,939,0.9045213831160162,0.5786920486905975,2.176193138724882,11,True,151-200,185,91
Wageningen University and Research Center,Wageningen University & Research,Wageningen University & Research,NL,https://openalex.org/I913481162,https://ror.org/04qw24q55,40633,703875,703875,923,17.322742598380625,3.303756246373828,923,0.9550611571875077,0.40555652363714556,1.3052407769922345,5,False,151-200,154,119
NTNU - Norwegian University of Science and Technology,Norwegian University of Science and Technology,Norwegian University of Science and Technology,NO,https://openalex.org/I204778367,https://ror.org/05xg72x27,48703,657306,657306,716,13.496211732336818,2.4668340585068878,716,0.8293328953041907,0.4079159198924435,1.5452837851844663,9,False,151-200,264,238
University of Oslo,University of Oslo,University of Oslo,NO,https://openalex.org/I184942183,https://ror.org/01xtthb56,56759,780611,780611,984,13.753078806885252,2.8473805538889065,984,0.877746260504942,0.44474699540128393,1.6419610162660372,8,False,83,131,105
The University of Auckland,University of Auckland,University of Auckland,NZ,https://openalex.org/I154130895,https://ror.org/03b94tp07,40374,635466,635466,763,15.739485807698024,3.3092873051224942,763,0.6734779808787834,0.5225806160261868,1.939198700508584,10,True,201-300,67,117
University of Otago,University of Otago,University of Otago,NZ,https://openalex.org/I80281795,https://ror.org/01jmxt844,23708,347458,347458,646,14.655728024295597,2.805135620700232,646,0.6972751813733761,0.48063769118241045,1.8483231082664022,8,True,401-500,198,290
Qatar University,Qatar University,Qatar University,QA,https://openalex.org/I60342839,https://ror.org/00yhnba62,19168,416961,416961,362,21.752973706176963,5.158292839460897,362,0.7066986644407346,0.6087576766945522,1.905134128025156,9,False,501-600,109,262
Lomonosov Moscow State University,Lomonosov Moscow State University,Lomonosov Moscow State University,RU,https://openalex.org/I19880235,https://ror.org/010pmpe69,60648,408409,408409,719,6.734088510750561,1.5112180879720547,719,0.5769852262234534,0.3174017274208626,1.313234580401818,6,False,101-150,115,
KFUPM,King Fahd University of Petroleum and Minerals,King Fahd University of Petroleum and Minerals,SA,https://openalex.org/I134085113,https://ror.org/03yez3163,15758,333187,333187,373,21.143990354105853,6.032981056829511,373,0.4272115750729788,0.5372365450844171,1.2792779881298177,6,False,701-800,63,322
King Abdulaziz University (KAU),King Abdulaziz University,King Abdulaziz University,SA,https://openalex.org/I185163786,https://ror.org/02ma4wv74,41602,786093,786093,538,18.89555790586991,3.8632393378983125,538,0.6942454689678381,0.5690832276925907,2.0413129306226265,8,False,501-600,200,122
King Abdullah University of Science and Technology,King Abdullah University of Science and Technology,King Abdullah University of Science and Technology,SA,https://openalex.org/I71920554,https://ror.org/01q3tbs38,21774,476298,476298,660,21.87462110774318,7.076930693069307,660,0.7107100211261137,0.6989023836911595,1.8737087786229574,9,False,201-300,,103
King Saud University,King Saud University,King Saud University,SA,https://openalex.org/I28022161,https://ror.org/02f81g417,69100,1155520,1155520,470,16.722431259044864,5.060095673378016,470,0.6903039073806078,0.6560240395124793,2.1884594036999285,10,False,101-150,107,139
Chalmers University of Technology,Chalmers University of Technology,Chalmers University of Technology,SE,https://openalex.org/I66862912,https://ror.org/040wg7k59,21852,333293,333293,557,15.252288120080541,3.7832433867114927,557,0.7988742449203734,0.4217849682507758,1.2631792263508073,6,False,301-400,174,348
KTH Royal Institute of Technology,KTH Royal Institute of Technology,KTH Royal Institute of Technology,SE,https://openalex.org/I86987016,https://ror.org/026vcq606,29089,474836,474836,720,16.323558733541887,3.697029388403495,720,0.7674378631097666,0.41478107835689204,1.2485547714422531,4,False,201-300,82,
Karolinska Institute,Karolinska Institutet,Karolinska Institutet,SE,https://openalex.org/I28166907,https://ror.org/056d84691,63853,1243384,1243384,1441,19.472601130722126,3.6724088732945117,1441,0.8663492709817863,0.45076199497339076,1.4506216058007504,6,True,50,,57
Lund University,Lund University,Lund University,SE,https://openalex.org/I187531555,https://ror.org/012a77v79,55686,868424,868424,1068,15.595014905003053,3.2305238390807918,1068,0.8427432388751213,0.460054423832922,1.621056331310435,7,True,101-150,71,124
Stockholm University,Stockholm University,Stockholm University,SE,https://openalex.org/I161593684,https://ror.org/05f0yaq80,33697,584940,584940,949,17.35881532480636,3.99499427055063,949,0.8685342908864291,0.41954260053150383,1.1935107403823149,4,False,100,167,193
University of Gothenburg,University of Gothenburg,University of Gothenburg,SE,https://openalex.org/I881427289,https://ror.org/01tm6cn81,42260,667581,667581,908,15.796994794131567,3.3889389461544006,908,0.8582584003786086,0.45988675821466873,1.5771349040325726,6,True,151-200,225,177
Uppsala University,Uppsala University,Uppsala University,SE,https://openalex.org/I123387679,https://ror.org/048a87296,59567,776120,776120,1036,13.029361895008982,3.1750359352540465,1036,0.8776839525240485,0.4837804310942549,1.7649577804558028,7,False,93,87,146
"Nanyang Technological University, Singapore (NTU Singapore)",Nanyang Technological University,Nanyang Technological University,SG,https://openalex.org/I172675005,https://ror.org/02e7b5302,55627,1354780,1354780,961,24.354719830298237,6.5880829015544045,961,0.5261833282398836,0.6066303045995821,1.5053826509786155,7,False,88,12,27
National University of Singapore,National University of Singapore,National University of Singapore,SG,https://openalex.org/I165932596,https://ror.org/01tgyzw49,81410,1922341,1922341,1079,23.61308193096671,6.295139893375212,1079,0.6048274167792654,0.687076298707741,2.0217537258799494,10,False,56,10,16
National Cheng Kung University (NCKU),National Cheng Kung University,National Cheng Kung University,TW,https://openalex.org/I91807558,https://ror.org/01b8kcc49,21717,298641,298641,461,13.751485011741954,2.918447329857206,461,0.572777087074642,0.35977063895900435,1.161230526973031,4,False,401-500,191,612
National Taiwan University (NTU),National Taiwan University,National Taiwan University,TW,https://openalex.org/I16733864,https://ror.org/05bqach95,40232,556313,556313,715,13.827624776297474,3.012736265677442,715,0.6136905945516007,0.4393738221271676,1.5678884148516983,6,False,201-300,54,233
National Tsing Hua University - NTHU,National Tsing Hua University,National Tsing Hua University,TW,https://openalex.org/I25846049,https://ror.org/00zdnkx70,15707,237848,237848,556,15.14280257210161,5.136752136752137,556,0.5208505761762272,0.4520491907207561,1.0600303093856314,4,False,401-500,142,520
National Yang Ming Chiao Tung University (NYCU Taiwan),National Yang Ming Chiao Tung University,National Yang Ming Chiao Tung University,TW,https://openalex.org/I148366613,https://ror.org/00se2k293,31349,412464,412464,589,13.157166097802163,3.1211032363582296,589,0.6072920986315353,0.3539692425746207,1.074705302231897,4,False,401-500,177,596
Indian Institute of Technology Madras (IITM),"Indian Institute of Technology Madras, Zanzibar","Indian Institute of Technology Madras, Zanzibar",TZ,https://openalex.org/I4405261081,https://ror.org/04rje7438,0,0,0,0,0.0,0.0,0,0.0,0.0,0.0,0,False,701-800,170,626
Arizona State University--Tempe,Arizona State University,Arizona State University,US,https://openalex.org/I55732556,https://ror.org/03efmqc40,50831,677515,677515,962,13.328775747083473,3.4715538185275165,962,0.6406130117448015,0.565126787393444,2.126174592774657,11,False,151-200,172,179
Baylor College of Medicine,Baylor College of Medicine,Baylor College of Medicine,US,https://openalex.org/I181547552,https://ror.org/02pttbw34,43253,748881,748881,1439,17.31396666127205,3.888158790685006,1439,0.6803227521790396,0.392184258451622,1.073957233278869,5,True,201-300,,144
Boston University,Boston University,Boston University,US,https://openalex.org/I111088046,https://ror.org/05qwgg493,45697,887686,887686,1346,19.4254765083047,3.952949507268042,1346,0.6997833555813292,0.4987538482572597,1.6350560518361383,6,True,101-150,94,96
Brown University,Brown University,Brown University,US,https://openalex.org/I27804330,https://ror.org/05gq02987,33237,612186,612186,999,18.418810361946026,3.741152756869849,999,0.656978668351536,0.4945348476513485,1.6696507213258007,6,True,101-150,66,144
California Institute of Technology,California Institute of Technology,California Institute of Technology,US,https://openalex.org/I122411786,https://ror.org/05dxps055,35806,639960,639960,1838,17.872982181757248,7.914990460615972,1838,0.8461151762274479,0.528859930166643,0.7228109277732078,2,False,9,7,23
Carnegie Mellon University,Carnegie Mellon University,Carnegie Mellon University,US,https://openalex.org/I74973139,https://ror.org/05x2bcf33,32883,534386,534386,1137,16.251132804184532,4.023620083306313,1137,0.716114709728431,0.35906799379908094,0.8573517572073407,3,False,101-150,55,112
Case Western Reserve University,Case Western Reserve University,Case Western Reserve University,US,https://openalex.org/I58956616,https://ror.org/051fd9666,34194,549080,549080,1020,16.057787916008657,3.7608451806443197,1020,0.6493244428847166,0.44452297421289794,1.3927315503324227,5,True,151-200,326,189
Columbia University,Columbia University,Columbia University,US,https://openalex.org/I78577930,https://ror.org/00hj8s172,83947,1587060,1587060,1715,18.90549989874564,4.599645341699632,1715,0.7391211121302727,0.5851004427924099,1.9283488314347943,8,True,8,43,10
Cornell University,Cornell University,Cornell University,US,https://openalex.org/I205783295,https://ror.org/05bnh6r87,106958,1918728,1918728,1839,17.93907889077956,4.822918971713734,1839,0.7153462106621291,0.5427641158580767,1.637835177657597,6,True,12,16,13
Duke University,Duke University,Duke University,US,https://openalex.org/I170897317,https://ror.org/00py81415,72167,1164395,1164395,1402,16.13472916984217,3.456582295139498,1402,0.720440090346003,0.5272655030490895,1.924646616072294,10,True,46,70,30
Emory University,Emory University,Emory University,US,https://openalex.org/I150468666,https://ror.org/03czfpz43,64313,1100236,1100236,1191,17.10752102996284,3.039619616052737,1191,0.6839519226283955,0.43604633848779206,1.5425205974097302,8,True,101-150,183,64
Georgia Institute of Technology,Georgia Institute of Technology,Georgia Institute of Technology,US,https://openalex.org/I130701444,https://ror.org/01zkghx44,44862,784618,784618,1127,17.489590299139582,4.05614310988795,1127,0.5852614685034104,0.4865813549023511,1.5409395611181187,8,False,151-200,142,94
Harvard University,Harvard University,Harvard University,US,https://openalex.org/I136199984,https://ror.org/03vek6s52,173624,4716403,4716403,2751,27.164464590148828,6.929763977700063,2751,0.7332742017232641,0.6433891646225933,1.6122200143414618,6,True,1,5,1
Icahn School of Medicine at Mount Sinai,Icahn School of Medicine at Mount Sinai,Icahn School of Medicine at Mount Sinai,US,https://openalex.org/I98704320,https://ror.org/04a9tmd77,57717,1103677,1103677,1216,19.12221702444687,4.388057184370298,1216,0.7431779198503041,0.5272542833125657,1.671682765109684,7,True,101-150,,46
"Indiana University, Bloomington",Indiana University Bloomington,Indiana University Bloomington,US,https://openalex.org/I4210119109,https://ror.org/02k40bc56,22151,506058,506058,877,22.845830887996026,3.471809410581188,877,0.671527244819647,0.4426633572048484,1.4611090675897245,6,False,101-150,360,155
Johns Hopkins University,Johns Hopkins University,Johns Hopkins University,US,https://openalex.org/I145311948,https://ror.org/00za53h95,131516,2436106,2436106,2240,18.523267130995468,4.014970447145099,2240,0.7446850573314273,0.5021267206130053,1.6365321072870207,8,True,19,20,17
Massachusetts Institute of Technology,Massachusetts Institute of Technology,Massachusetts Institute of Technology,US,https://openalex.org/I63966007,https://ror.org/042nb2s44,64807,1518305,1518305,2252,23.42810190257225,6.8162277991770415,2252,0.7835419013378184,0.5439834448609389,1.1032569478319991,6,False,3,1,2
"Mayo Clinic College of Medicine and Science, Minnesota",Mayo Clinic,Mayo Clinic,US,https://openalex.org/I1330342723,https://ror.org/02qp3tb03,37744,798706,798706,1195,21.161138194150062,3.873456790123457,1195,0.613660449342942,0.21932467076753917,0.1392935710442813,2,True,101-150,,
Michigan State University,Michigan State University,Michigan State University,US,https://openalex.org/I87216513,https://ror.org/05hs6h993,61290,750494,750494,1059,12.244966552455539,2.5392185198948485,1059,0.7188774677761461,0.39560830286694804,1.4587984808931422,5,False,151-200,182,127
New York University,New York University,New York University,US,https://openalex.org/I57206974,https://ror.org/0190ak572,67923,1100510,1100510,1370,16.2023173299177,3.679894607325288,1370,0.7045183516629124,0.5390502901688886,1.9280088169970153,10,True,28,58,36
Northwestern University,Northwestern University,Northwestern University,US,https://openalex.org/I111979921,https://ror.org/000e0be47,57159,1396030,1396030,1429,24.42362532584545,5.365124399825404,1429,0.6461624591053028,0.5606543547045502,1.5877689173887946,7,True,31,45,26
"Ohio State University, Columbus",The Ohio State University,The Ohio State University,US,https://openalex.org/I52357470,https://ror.org/00rs6vg23,72143,1086659,1086659,1177,15.06257017312837,3.277354468557952,1177,0.6579848356735927,0.43420706621856553,1.4679861280621298,5,False,83,201,64
"Pennsylvania State University, University Park",Pennsylvania State University,Pennsylvania State University,US,https://openalex.org/I130769515,https://ror.org/04p491231,68356,1003920,1003920,1247,14.68664052899526,3.9419355807944236,1247,0.64700977236819,0.5618282636483011,1.9805506455177495,8,False,101-150,92,92
Princeton University,Princeton University,Princeton University,US,https://openalex.org/I20089843,https://ror.org/00hx57361,43282,869642,869642,1525,20.092463379695946,6.898793501249759,1525,0.77385518229287,0.4911023218331824,0.7936866890527603,3,False,7,27,14
"Purdue University, West Lafayette",Purdue University West Lafayette,Purdue University West Lafayette,US,https://openalex.org/I219193219,https://ror.org/02dqehb95,74528,699579,699579,944,9.386794224989266,2.903731105300083,944,0.7287059896951481,0.48332280358633384,1.836134233392161,7,False,101-150,100,152
Rice University,Rice University,Rice University,US,https://openalex.org/I74775410,https://ror.org/008zs3103,18622,328204,328204,929,17.624530125657824,5.082685455134435,929,0.6791966491246912,0.5234739574955689,1.4625578239990593,6,False,101-150,122,201
Rockefeller University,Rockefeller University,Rockefeller University,US,https://openalex.org/I83399316,https://ror.org/0420db125,5856,195018,195018,1165,33.302254098360656,6.632975151108126,1165,0.8816598360655737,0.6357819598988701,1.6514922227543767,6,True,29,,125
"Rutgers, The State University of New Jersey - New Brunswick","Rutgers, The State University of New Jersey","Rutgers, The State University of New Jersey",US,https://openalex.org/I102322142,https://ror.org/05vt9qd57,53620,853931,853931,1131,15.925606117120477,3.56976202363122,1131,0.6237970906378217,0.48823732853625645,1.6819881421652703,7,True,151-200,,155
Stanford University,Stanford University,Stanford University,US,https://openalex.org/I97018004,https://ror.org/00f54p054,130054,2713798,2713798,2462,20.866701523982346,6.129394905986186,2462,0.7337106125148015,0.6674366612135457,1.9601084318007753,8,True,2,2,3
Texas A&M University--College Station,Texas A&M University,Texas A&M University,US,https://openalex.org/I91045830,https://ror.org/01f5ytq51,57957,799801,799801,1032,13.799903376641304,3.263604527819352,1032,0.6354021084597201,0.4600673277093761,1.612144728314566,6,False,201-300,169,177
The University of Texas MD Anderson Cancer Center,The University of Texas MD Anderson Cancer Center,The University of Texas MD Anderson Cancer Center,US,https://openalex.org/I1343551460,https://ror.org/04twxam07,45984,1001035,1001035,1584,21.76920233124565,4.2051383359166845,1584,0.618410751565762,0.3488671693241644,0.752675973161393,4,True,86,,
The University of Texas at Austin,The University of Texas at Austin,The University of Texas at Austin,US,https://openalex.org/I86519309,https://ror.org/00hj54h04,130028,988083,988083,1188,7.5990017534684835,0.744195567885656,1188,0.832182299197096,0.3132886121288561,1.499152487352703,7,False,49,72,56
University of Alabama--Birmingham,University of Alabama at Birmingham,University of Alabama at Birmingham,US,https://openalex.org/I32389192,https://ror.org/008s83205,38277,611403,611403,980,15.973117015440081,2.7493632558553744,980,0.6675810538965958,0.3393337083434925,1.0961623918410517,4,True,301-400,951-1000,188
University of Arizona,University of Arizona,University of Arizona,US,https://openalex.org/I138006243,https://ror.org/03m2x1q45,55379,807227,807227,1258,14.576409830441142,3.7812276172232866,1258,0.6770075299301179,0.37302674520348095,0.9989615277992706,5,False,151-200,313,102
"University of California, Berkeley","University of California, Berkeley","University of California, Berkeley",US,https://openalex.org/I95457486,https://ror.org/01an7q238,90908,1594896,1594896,1858,17.544066528798346,3.714073738973083,1858,0.8225238702864435,0.4168356197410914,1.2550835834287564,4,False,5,20,7
"University of California, Davis","University of California, Davis","University of California, Davis",US,https://openalex.org/I84218800,https://ror.org/05rrcem69,68560,1029710,1029710,1204,15.019107351225204,3.173722033898305,1204,0.764862893815636,0.45945475171600964,1.6332221622985374,6,False,101-150,137,95
"University of California, Irvine","University of California, Irvine","University of California, Irvine",US,https://openalex.org/I204250578,https://ror.org/04gyf1771,48595,884067,884067,1124,18.19255067393765,3.768976629125708,1124,0.7257536783619714,0.502080629072891,1.7030711233801947,7,True,79,252,99
"University of California, Los Angeles","University of California, Los Angeles","University of California, Los Angeles",US,https://openalex.org/I161318765,https://ror.org/046rm7j60,100185,1640341,1640341,1630,16.37311972850227,4.07984727447964,1630,0.7632679542845735,0.519773305900473,1.714741324130645,8,True,16,49,11
"University of California, San Diego",University of California San Diego,University of California San Diego,US,https://openalex.org/I36258959,https://ror.org/0168r3w48,90519,1796252,1796252,1727,19.843922270462556,3.845889457252994,1727,0.743103657795601,0.5056134955563115,1.7013727052241567,6,True,20,81,23
"University of California, San Francisco","University of California, San Francisco","University of California, San Francisco",US,https://openalex.org/I180670191,https://ror.org/043mz5j54,77026,1574006,1574006,1691,20.434736322800095,4.753497746146856,1691,0.760691195180848,0.44902748891390687,1.1476786326603001,5,True,21,,22
"University of California, Santa Barbara","University of California, Santa Barbara","University of California, Santa Barbara",US,https://openalex.org/I154570441,https://ror.org/02t274463,27586,486592,486592,1115,17.6390922931922,4.500766234595492,1115,0.7285942144566084,0.43428714100077215,1.1362548103881422,4,False,70,173,100
"University of California, Santa Cruz","University of California, Santa Cruz","University of California, Santa Cruz",US,https://openalex.org/I185103710,https://ror.org/03s65by71,18270,361606,361606,1073,19.792337164750958,5.423471177456444,1073,0.7800766283524905,0.4264350492029962,0.8430948735546594,4,False,151-200,458,141
University of Chicago,University of Chicago,University of Chicago,US,https://openalex.org/I40347166,https://ror.org/024mw5h28,66779,1125434,1125434,1617,16.853112505428353,4.166982327040231,1617,0.745249255005316,0.4060236825228408,1.0734046994934618,5,False,10,24,25
University of Colorado Anschutz Medical Campus,University of Colorado Anschutz Medical Campus,University of Colorado Anschutz Medical Campus,US,https://openalex.org/I51713134,https://ror.org/03wmf1y16,27232,419049,419049,614,15.388109576968272,3.0124513618677042,614,0.738873384253819,0.35313238879527953,1.0996609095736547,5,True,,,193
University of Colorado Boulder,University of Colorado Boulder,University of Colorado Boulder,US,https://openalex.org/I188538660,https://ror.org/02ttsq026,41053,691104,691104,1117,16.834433537134924,3.8542362219964192,1117,0.720215331400872,0.42224821156011166,1.2464195861493095,4,False,62,320,105
University of Florida,University of Florida,University of Florida,US,https://openalex.org/I33213144,https://ror.org/02y3ad647,85290,1133291,1133291,1228,13.287501465587994,2.981216481360366,1228,0.6807245867041857,0.4344937131927217,1.549946513157776,6,False,151-200,228,105
"University of Illinois Urbana, Champaign",University of Illinois Urbana-Champaign,University of Illinois Urbana-Champaign,US,https://openalex.org/I157725225,https://ror.org/047426m28,61719,907875,907875,1378,14.709813833665484,3.5602088545632546,1378,0.6567345549992709,0.4302194019269532,1.3695352280393007,5,False,53,74,98
"University of Maryland, College Park","University of Maryland, College Park","University of Maryland, College Park",US,https://openalex.org/I66946132,https://ror.org/047s2c258,47485,852235,852235,1339,17.947457091713172,3.8620749849680935,1339,0.6918184689902074,0.33429832765131884,0.7667092784698954,3,False,55,252,82
University of Massachusetts Chan Medical School,University of Massachusetts Chan Medical School,University of Massachusetts Chan Medical School,US,https://openalex.org/I166722992,https://ror.org/0464eyp60,15141,276347,276347,958,18.251568588600488,2.9267960105968522,958,0.7254474605376131,0.33609139411540434,1.0303816835752966,3,True,151-200,,
University of Massachusetts--Amherst,University of Massachusetts Amherst,University of Massachusetts Amherst,US,https://openalex.org/I24603500,https://ror.org/0072zz521,29162,499835,499835,886,17.139942390782526,4.493792299762449,886,0.6443316644948907,0.5215258892239905,1.6118687290784617,6,False,201-300,260,160
"University of Michigan, Ann Arbor",University of Michigan,University of Michigan,US,https://openalex.org/I27837315,https://ror.org/00jmfr291,554518,2069381,2069381,2069,3.7318554131696358,3.4747847034025896,2069,0.935531398439726,0.47380031941840794,1.6293799663071473,9,True,33,51,21
"University of Minnesota, Twin Cities",University of Minnesota,University of Minnesota,US,https://openalex.org/I130238516,https://ror.org/017zqws13,60822,1128229,1128229,1384,18.549685968892835,3.775795786560049,1384,0.6501759231856894,0.5369841656376878,1.8907514866885582,9,True,51,255,76
University of North Carolina at Chapel Hill,University of North Carolina at Chapel Hill,University of North Carolina at Chapel Hill,US,https://openalex.org/I114027177,https://ror.org/0130frc33,109002,1272119,1272119,1575,11.670602374268363,2.121578060083657,1575,0.8259297994532211,0.46373008580183694,1.9421034674872084,10,True,39,158,55
University of Pennsylvania,University of Pennsylvania,University of Pennsylvania,US,https://openalex.org/I79576946,https://ror.org/00b30xv10,84752,1894411,1894411,1738,22.352404663016802,5.817229169467976,1738,0.6858599207098357,0.5876392824259293,1.6115513346354815,6,True,14,15,17
University of Pittsburgh,University of Pittsburgh,University of Pittsburgh,US,https://openalex.org/I170201317,https://ror.org/01an3r305,66023,1122984,1122984,1326,17.00898171849204,3.5695310557999287,1326,0.712857640519213,0.4547480072220481,1.5001984487320452,5,True,88,279,57
University of Southern California,University of Southern California,University of Southern California,US,https://openalex.org/I1174212,https://ror.org/03taz7m60,63829,1016564,1016564,1442,15.926365758511022,3.618490581821731,1442,0.684062103432609,0.5517937951479394,2.013879786330667,10,True,68,153,74
University of Texas Southwestern Medical Center--Dallas,The University of Texas Southwestern Medical Center,The University of Texas Southwestern Medical Center,US,https://openalex.org/I867280407,https://ror.org/05byvp690,39220,781670,781670,1256,19.93039265680775,4.244450614964964,1256,0.6546149923508414,0.435570358342406,1.2128146397652404,5,True,58,,113
University of Utah,University of Utah,University of Utah,US,https://openalex.org/I223532165,https://ror.org/03r0ha626,55447,835605,835605,1110,15.070337439356502,2.9657137768278563,1110,0.6695402817104622,0.4450288862219199,1.611363306778201,7,True,151-200,533,170
University of Virginia,University of Virginia,University of Virginia,US,https://openalex.org/I51556381,https://ror.org/0153tk833,42469,634973,634973,1047,14.95144693776637,3.1956509342507937,1047,0.6600814711907509,0.4261917293136883,1.4466447258832251,6,True,201-300,268,135
University of Washington,University of Washington,University of Washington,US,https://openalex.org/I201448701,https://ror.org/00cvxb145,151601,2229428,2229428,3562,14.705892441342735,46.38422511254161,3562,0.809856135513618,0.7718255401025506,2.019072508260146,9,True,17,92,12
"University of Wisconsin, Madison",University of Wisconsin–Madison,University of Wisconsin–Madison,US,https://openalex.org/I135310074,https://ror.org/01y2jtd41,72750,1099501,1099501,1414,15.113415807560138,3.6620412436297554,1414,0.7017594501718213,0.47211345813484384,1.5693783810073088,8,False,36,131,60
Vanderbilt University,Vanderbilt University,Vanderbilt University,US,https://openalex.org/I200719446,https://ror.org/02vm5rt34,36515,600836,600836,1099,16.45449815144461,3.014114049359967,1099,0.6879090784609064,0.5076068471791654,1.938030639998929,9,True,62,265,68
Washington University in St Louis,Washington University in St. Louis,Washington University in St. Louis,US,https://openalex.org/I204465549,https://ror.org/01yc7t268,66598,1180321,1180321,1817,17.72306976185471,4.149167308844936,1817,0.7391363103997117,0.5235394696508601,1.7163712522601502,7,True,26,162,32
Yale University,Yale University,Yale University,US,https://openalex.org/I32971472,https://ror.org/03v76x132,102230,1731337,1731337,1768,16.93570380514526,2.4284980613878426,1768,0.7396263327790277,0.42948138019337245,1.6727962360545572,6,True,11,16,8
University of Cape Town,University of Cape Town,University of Cape Town,ZA,https://openalex.org/I157614274,https://ror.org/03p74gp79,165626,545216,545216,697,3.2918503133565986,0.7838482311436072,697,0.9586296837453057,0.4096182951607432,2.011472148270528,7,False,201-300,184,122
